{
	"users": [
		{
			"username": "betsy@spinsci.com",
			"accessToken": "MzY4MzQ5MmYtMWFkZC00NDU0LTgxZjAtZDNlMmIzZWY1ODM5YzljNWU5MTMtOTE2"
		},
		{
			"username": "drmike@spinsci.com",
			"accessToken": "NzFmOWYzNjYtMThiNi00NWYyLTg0MzMtNGY3YmY4YmQ5MzAzMDgyMGM0YjctNDcx"
		}
	],
	"rooms": [
		{ "id": "Y2lzY29zcGFyazovL3VzL1JPT00vYWE5MjMzYTAtOWJiYS0xMWU3LTg1MzMtYjkyYjBhNTcyNDli", "title": "HuddleRoom", "type": "group", "isLocked": false, "lastActivity": "2017-09-17T15:12:48.602Z", "creatorId": "Y2lzY29zcGFyazovL3VzL1BFT1BMRS8zYTNlYzMxNS04NWE5LTQwMzEtYWFhZS1lZWJmYmY0ZjZhODI", "created": "2017-09-17T15:12:48.602Z" },
    { "id": "Y2lzY29zcGFyazovL3VzL1JPT00vNDRjOGQyNDAtOWJiZi0xMWU3LTg4ZGUtZTM4MmJlNTliMjVm", "title": "TriageRoom", "type": "group", "isLocked": true, "lastActivity": "2017-09-17T15:45:45.316Z", "teamId": "Y2lzY29zcGFyazovL3VzL1RFQU0vNDRjOGQyNDAtOWJiZi0xMWU3LTg4ZGUtZTM4MmJlNTliMjVm", "creatorId": "Y2lzY29zcGFyazovL3VzL1BFT1BMRS9kNjFkZDc0Mi02NTU3LTQ2MzUtOTM5ZS05ZTFjNDg3ZTk3NjM", "created": "2017-09-17T15:45:45.316Z" }
	]
}
